{
"i_att_treated_twfe": [
	{
		"i_att_treated" : 329.91358281206976,
		"ci_low" : -1003.2351968978637,
		"ci_high" : 1663.0623625220032
	}
]}
