{
"viz_i_discount_dose": [
	{
		"x" : 1,
		"estimate" : -210.044822850724,
		"ci_low" : -459.166558623956,
		"ci_high" : 39.0769129225082
	}
]}
