{
"viz_i_att": [
	{
		"x" : 1,
		"estimate" : 329.91358281207,
		"ci_low" : -1003.23519689786,
		"ci_high" : 1663.062362522
	}
]}
