"i_att_treated","ci_low","ci_high"
329.9135828121,"-1,003.2351968979","1,663.062362522"
