"i_discount_effect_per_1pp","ci_low","ci_high"
-210.0448228507,-459.166558624,39.0769129225
