"month_str","i_incremental_revenue_est"
"2019-01","-2,100.4482285072"
"2019-02","-4,200.8964570145"
"2019-03","-6,301.3446855217"
"2019-04","-2,100.4482285072"
"2019-05","-4,200.8964570145"
"2019-06","-6,301.3446855217"
"2019-07","-2,100.4482285072"
"2019-08","-4,200.8964570145"
"2019-09","-6,301.3446855217"
"2019-10","-2,100.4482285072"
"2019-11","-4,200.8964570145"
"2019-12","-6,301.3446855217"
