"x","estimate","ci_low","ci_high"
1,329.9135828121,"-1,003.2351968979","1,663.062362522"
