"x","estimate","ci_low","ci_high"
1,-210.0448228507,-459.166558624,39.0769129225
