"i_discount_effect_per_1pp","ci_low","ci_high"
-210.0448228507238,-459.1665586239558,39.07691292250817
