"month_str","i_incremental_revenue_est"
"2019-01",-2100.448228507238
"2019-02",-4200.896457014476
"2019-03",-6301.3446855217135
"2019-04",-2100.448228507238
"2019-05",-4200.896457014476
"2019-06",-6301.3446855217135
"2019-07",-2100.448228507238
"2019-08",-4200.896457014476
"2019-09",-6301.3446855217135
"2019-10",-2100.448228507238
"2019-11",-4200.896457014476
"2019-12",-6301.3446855217135
