High_Season,predicted_LTV_6m
Non-Seasonal,1105.6205793516192
Seasonal,2054.6456245832305
