Location,predicted_LTV_6m
California,1253.866288006009
Chicago,1414.7605347866297
New Jersey,1129.1096153624935
New York,1190.6661743593643
Washington DC,1294.178114246845
