Coupon_Usage_Quartile,predicted_LTV_6m
Q1 (Lowest),996.6961512520678
Q2,1447.2193044380747
Q3,1665.3837857299268
Q4 (Highest),994.3802289719195
