Gender,predicted_LTV_6m
F,1289.5147002289725
M,1260.1043956725061
